"Protein","P_Value"
"AP2B1",0.394774734721461
"APP",0.0314962221651223
"C9",0.000300253412190319
"CTSB",0.766624760906458
"CTSD",0.0207763710685683
"CTSF",0.234814686035907
"CTSL",0.18433118997552
"CTSZ",0.235547457472452
"DPP7",0.0193045950988087
"GM2A",0.632125159233803
"HEXB",0.225112792215693
"LAMP1",0.0722370021340631
"LAMP2",0.15932725728651
"LYZ",3.33033067655538e-06
"FUCA1",0.456942524142003
"TCN2",0.309325209234918
"TPP1",0.252575181316175
"Ubiquitin",0.174418405223608
