"ConsensusDx","N","Avg_Age","Median_Age","Female","Male"
"PD-MCI",42,67.6904761904762,67,10,32
"PD-NC",99,65.7878787878788,66,34,65
"PDD",10,75.8,77.5,0,10
NA,122,69.6475409836066,71,60,62
