"","Total_Participants","Male","Female","Percent_Male","Percent_Female","Avg_Age","SD_Age","Avg_Age_Onset","SD_Age_Onset"
"1",273,169,104,61.9047619047619,38.0952380952381,68.1721611721612,9.02710551146404,59.1597633136095,9.26549101522256
