"","SNP","Protein","Estimate","Std. Error","t value","Pr(>|t|)","Adjusted_PValue"
"1","rs12657663","CTSF_103.116","0.129206982077687","0.0343324908898249","3.76340250092311","0.000241043891657323",0.00098641222876017
"2","rs12657663","CTSF_236.245","0.074532440065159","0.0236397026967905","3.15285014456963","0.00195789367359253",0.00217543741510281
"3","rs12657663","CTSF_266.278","0.468384455822784","0.13656286851517","3.4298082701064","0.000781524155856213",0.0016192773254203
"4","rs12657663","CTSF_442.450","0.1586135488577","0.0463857941827723","3.4194423454888","0.000809638662710149",0.0016192773254203
"5","rs12657663","CTSL_105.116","0.219942802249946","0.0656987452310338","3.34774738050937","0.00103161553591868",0.00171935922653113
"6","rs12657663","HEXB_285.300","0.335832262130564","0.090611724592025","3.70627822881236","0.000295923668628051",0.00098641222876017
"7","rs12657663","HEXB_391.400","0.240822531325548","0.0629162733124278","3.82766681252207","0.000189921272529631",0.00098641222876017
"8","rs12657663","TPP1_61.78","0.277577822419694","0.0875912853880667","3.16901186219503","0.00185647498345321",0.00217543741510281
"9","rs12657663","TPP1_246.259","0.276905783852131","0.0848692803630952","3.26273278938443","0.00136826437094613",0.0019546633870659
"10","rs12657663","TPP1_507.520","0.175050555187544","0.0574898757140803","3.04489360975729","0.00275294116278815",0.00275294116278815
