"","SNP","Protein","Estimate","Std. Error","t value","Pr(>|t|)","Adjusted_PValue"
"1","rs7910668","CTSB_58.71","-0.110036125540678","0.0363566364603354","-3.0265760602119","0.00292761659848573",0.00292761659848573
"2","rs7910668","CTSB_80.87","-0.102642297009431","0.0297647545864923","-3.44845097617607","0.000734490822609294",0.00110173623391394
"3","rs7910668","CTSB_210.220","-0.146505870767354","0.0385573703763731","-3.79968523105323","0.000211057184331092",0.000633171552993276
